Name,Phone,Code
Nguyễn Văn Anh,0902222001,R2A001
Trần Thị Bảo,0902222002,R2B002
Lê Văn Cường,0902222003,R2C003
Phạm Thị Dung,0902222004,R2D004
Hoàng Văn Em,0902222005,R2E005
Đỗ Thị Phương,0902222006,R2F006
Vũ Văn Giang,0902222007,R2G007
Bùi Thị Hương,0902222008,R2H008
Đặng Văn Inh,0902222009,R2I009
Mai Thị Kim,0902222010,R2K010
Trương Văn Lâm,0902222011,R2L011
Ngô Thị Minh,0902222012,R2M012
Đoàn Văn Nam,0902222013,R2N013
Lý Thị Oanh,0902222014,R2O014
Phan Văn Phúc,0902222015,R2P015
Hồ Thị Quỳnh,0902222016,R2Q016
Trịnh Văn Rồng,0902222017,R2R017
Lương Thị Sen,0902222018,R2S018
Đinh Văn Toàn,0902222019,R2T019
Chu Thị Uyên,0902222020,R2U020
Võ Văn Việt,0902222021,R2V021
Đào Thị Xuân,0902222022,R2X022
Tạ Văn Yến,0902222023,R2Y023
Lại Thị Zung,0902222024,R2Z024
Dương Văn Ánh,0902222025,R2A025 